number,zip,"lat,long",city,pop
1,37916,"35.953657, -83.933148","Knoxville, Tennessee","11,672"
2,37614,"36.301650, -82.370809","Johnson City, Tennessee","2,036"
3,37212,"36.133973, -86.801471","Nashville, Tennessee","18,547"
4,37351,"35.104194, -85.264615","Lupton City, Tennessee",270
5,37744,"36.182885, -82.740218","Greeneville, Tennessee",372
6,38105,"35.150642, -90.033969","Memphis, Tennessee","8,976"
7,38104,"35.132422, -90.004640","Memphis, Tennessee","24,727"
8,38115,"35.053329, -89.862806","Memphis, Tennessee","40,401"
9,38114,"35.096438, -89.985644","Memphis, Tennessee","34,120"
10,38111,"35.110521, -89.943501","Memphis, Tennessee","45,077"
11,38126,"35.126608, -90.042212","Memphis, Tennessee","8,104"
12,38112,"35.147662, -89.976392","Memphis, Tennessee","19,200"
13,38107,"35.170636, -90.022027","Memphis, Tennessee","22,109"
14,37201,"36.165550, -86.777679","Nashville, Tennessee","1,167"
15,37206,"36.180771, -86.730153","Nashville, Tennessee","27,751"
16,38122,"35.158183, -89.921806","Memphis, Tennessee","24,791"
17,37208,"36.178567, -86.805263","Nashville, Tennessee","15,272"
18,37219,"36.166457, -86.782946","Nashville, Tennessee",830
19,37402,"35.046090, -85.314720","Chattanooga, Tennessee","4,302"
20,37211,"36.066734, -86.722609","Nashville, Tennessee","64,753"
21,37203,"36.149926, -86.789227","Nashville, Tennessee","12,781"
22,37915,"35.971478, -83.899274","Knoxville, Tennessee","5,564"
23,38141,"35.016729, -89.858616","Memphis, Tennessee","21,922"
24,38108,"35.176666, -89.967917","Memphis, Tennessee","22,237"
25,37216,"36.216583, -86.726843","Nashville, Tennessee","19,132"
26,38116,"35.032339, -90.008916","Memphis, Tennessee","51,048"
27,37902,"35.963879, -83.919923","Knoxville, Tennessee","1,241"
28,38117,"35.115293, -89.905382","Memphis, Tennessee","25,180"
29,37404,"35.029159, -85.274304","Chattanooga, Tennessee","13,721"
30,37917,"36.001410, -83.911674","Knoxville, Tennessee","24,480"
31,37403,"35.046837, -85.295350","Chattanooga, Tennessee","3,846"
32,38119,"35.078410, -89.844431","Memphis, Tennessee","22,179"
33,37412,"34.997030, -85.228921","Chattanooga, Tennessee","20,574"
34,37411,"35.025867, -85.230184","Chattanooga, Tennessee","17,778"
35,37407,"35.001943, -85.289724","Chattanooga, Tennessee","7,949"
36,38134,"35.174969, -89.859874","Memphis, Tennessee","41,765"
37,38138,"35.088600, -89.804570","Germantown, Tennessee","23,021"
38,37923,"35.927634, -84.080719","Knoxville, Tennessee","25,882"
39,38135,"35.236895, -89.854890","Memphis, Tennessee","24,623"
40,37909,"35.947867, -84.019431","Knoxville, Tennessee","13,130"
41,37665,"36.579763, -82.571771","Kingsport, Tennessee","4,522"
42,37394,"35.538301, -85.860898","Viola, Tennessee",49
43,37912,"36.006879, -83.984421","Knoxville, Tennessee","18,695"
44,38128,"35.226047, -89.925072","Memphis, Tennessee","44,040"
45,37210,"36.149265, -86.732957","Nashville, Tennessee","16,170"
46,37207,"36.238944, -86.779883","Nashville, Tennessee","35,744"
47,37921,"35.978277, -84.001874","Knoxville, Tennessee","26,240"
48,38139,"35.079657, -89.755097","Germantown, Tennessee","14,482"
49,37152,"36.396966, -86.766777","Ridgetop, Tennessee",38
50,37115,"36.254221, -86.699060","Madison, Tennessee","35,192"
51,38018,"35.155860, -89.765331","Cordova, Tennessee","52,710"
52,38118,"35.032631, -89.932532","Memphis, Tennessee","47,188"
53,37410,"35.001899, -85.314220","Chattanooga, Tennessee","4,822"
54,37204,"36.106277, -86.773949","Nashville, Tennessee","11,024"
55,37217,"36.113155, -86.667020","Nashville, Tennessee","28,293"
56,37919,"35.917290, -84.004214","Knoxville, Tennessee","27,609"
57,38120,"35.124974, -89.858293","Memphis, Tennessee","13,693"
58,37205,"36.103877, -86.869505","Nashville, Tennessee","21,861"
59,37215,"36.080535, -86.833278","Nashville, Tennessee","22,112"
60,38133,"35.215207, -89.787809","Memphis, Tennessee","18,937"
61,38125,"35.027321, -89.790249","Memphis, Tennessee","23,829"
62,37409,"35.000173, -85.334570","Chattanooga, Tennessee","2,719"
63,37214,"36.197795, -86.673345","Nashville, Tennessee","26,474"
64,37421,"35.031635, -85.147624","Chattanooga, Tennessee","40,827"
65,38106,"35.104113, -90.090113","Memphis, Tennessee","33,784"
66,37138,"36.241789, -86.619937","Old Hickory, Tennessee","22,160"
67,37013,"36.037730, -86.640276","Antioch, Tennessee","51,343"
68,37406,"35.075375, -85.242970","Chattanooga, Tennessee","14,717"
69,37416,"35.099412, -85.173466","Chattanooga, Tennessee","14,620"
70,37415,"35.127353, -85.282509","Chattanooga, Tennessee","23,112"
71,37076,"36.161849, -86.576611","Hermitage, Tennessee","29,547"
72,37918,"36.056202, -83.916890","Knoxville, Tennessee","36,815"
73,38103,"35.184023, -90.077284","Memphis, Tennessee","7,675"
74,38050,"35.815867, -89.222818","Maury City, Tennessee",388
75,37684,"36.308302, -82.376077","Mountain Home, Tennessee",404
76,37922,"35.888230, -84.068326","Knoxville, Tennessee","45,660"
77,37209,"36.150239, -86.966459","Nashville, Tennessee","35,081"
78,37343,"35.166618, -85.212288","Hixson, Tennessee","37,202"
79,37042,"36.567946, -87.415508","Clarksville, Tennessee","53,956"
80,37408,"35.029019, -85.310872","Chattanooga, Tennessee","1,935"
81,38109,"35.040014, -90.163407","Memphis, Tennessee","52,401"
82,37604,"36.293242, -82.384084","Johnson City, Tennessee","31,569"
83,38127,"35.257534, -90.049395","Memphis, Tennessee","51,145"
84,37130,"35.884923, -86.317204","Murfreesboro, Tennessee","43,564"
85,37220,"36.068452, -86.793116","Nashville, Tennessee","6,163"
86,37664,"36.514170, -82.504747","Kingsport, Tennessee","25,980"
87,37645,"36.562380, -82.663683","Mount Carmel, Tennessee","4,760"
88,37221,"36.063625, -86.977097","Nashville, Tennessee","34,809"
89,37075,"36.346217, -86.605248","Hendersonville, Tennessee","48,773"
90,37601,"36.331933, -82.322687","Johnson City, Tennessee","33,493"
91,37086,"36.021924, -86.558356","La Vergne, Tennessee","18,708"
92,37814,"36.233235, -83.337421","Morristown, Tennessee","30,568"
93,37931,"35.976399, -84.125445","Knoxville, Tennessee","18,203"
94,37027,"36.005063, -86.782005","Brentwood, Tennessee","35,747"
95,37167,"35.957875, -86.536490","Smyrna, Tennessee","35,093"
96,37660,"36.526722, -82.571648","Kingsport, Tennessee","40,915"
97,37804,"35.789271, -83.893628","Maryville, Tennessee","21,966"
98,37701,"35.792740, -83.986067","Alcoa, Tennessee","6,132"
99,37849,"36.054313, -84.046042","Powell, Tennessee","21,609"
100,37663,"36.463754, -82.487995","Kingsport, Tennessee","14,097"
101,37311,"35.104025, -84.920821","Cleveland, Tennessee","24,775"
102,37350,"35.002199, -85.358237","Lookout Mountain, Tennessee","2,109"
103,38036,"35.315491, -89.622040","Gallaway, Tennessee",408
104,37920,"35.908797, -83.869045","Knoxville, Tennessee","37,698"
105,37914,"35.983165, -83.795797","Knoxville, Tennessee","20,120"
106,38058,"35.462729, -89.798722","Munford, Tennessee","4,018"
107,37067,"35.911307, -86.779248","Franklin, Tennessee","15,588"
108,37129,"35.929834, -86.450822","Murfreesboro, Tennessee","38,237"
109,37719,"36.029139, -84.428649","Coalfield, Tennessee",70
110,38157,"35.114207, -89.891661","Memphis, Tennessee",75
111,37615,"36.402411, -82.457202","Johnson City, Tennessee","16,259"
112,37828,"36.197405, -84.068809","Norris, Tennessee","1,386"
113,37938,"36.124222, -83.939377","Knoxville, Tennessee","13,664"
114,37312,"35.232461, -84.879821","Cleveland, Tennessee","28,110"
115,38017,"35.066971, -89.648939","Collierville, Tennessee","35,993"
116,37932,"35.917328, -84.198756","Knoxville, Tennessee","11,136"
117,38501,"36.226045, -85.533285","Cookeville, Tennessee","32,906"
118,37218,"36.209917, -86.889939","Nashville, Tennessee","15,079"
119,37069,"35.990070, -86.918069","Franklin, Tennessee","16,243"
120,37341,"35.210592, -85.072961","Harrison, Tennessee","11,719"
121,37128,"35.767761, -86.447216","Murfreesboro, Tennessee","18,017"
122,37072,"36.352140, -86.746651","Goodlettsville, Tennessee","26,386"
123,37863,"35.786538, -83.561703","Pigeon Forge, Tennessee","5,577"
124,37845,"36.088304, -84.446248","Petros, Tennessee",569
125,37830,"35.971209, -84.283356","Oak Ridge, Tennessee","27,279"
126,37188,"36.479727, -86.680363","White House, Tennessee","10,334"
127,37040,"36.516175, -87.338010","Clarksville, Tennessee","30,951"
128,37924,"36.036612, -83.802264","Knoxville, Tennessee","8,957"
129,37777,"35.815169, -84.050164","Louisville, Tennessee","11,148"
130,38305,"35.700182, -88.776179","Jackson, Tennessee","40,838"
131,37363,"35.119527, -85.055780","Ooltewah, Tennessee","23,824"
132,37716,"36.092385, -84.167677","Clinton, Tennessee","24,422"
133,37877,"36.148521, -83.399897","Talbott, Tennessee","7,930"
134,37066,"36.399928, -86.461600","Gallatin, Tennessee","34,155"
135,37760,"36.103582, -83.466081","Jefferson City, Tennessee","12,627"
136,37122,"36.182639, -86.480715","Mount Juliet, Tennessee","32,480"
137,37757,"36.309990, -84.149678","Jacksboro, Tennessee","8,970"
138,37043,"36.490923, -87.240549","Clarksville, Tennessee","31,558"
139,37801,"35.670863, -84.078663","Maryville, Tennessee","19,750"
140,37813,"36.175136, -83.257023","Morristown, Tennessee","16,743"
141,37620,"36.549600, -82.094050","Bristol, Tennessee","38,992"
142,37803,"35.660842, -83.981389","Maryville, Tennessee","27,244"
143,37228,"36.196291, -86.803583","Nashville, Tennessee",331
144,37771,"35.838371, -84.316931","Lenoir City, Tennessee","12,826"
145,37643,"36.376052, -82.138593","Elizabethton, Tennessee","33,530"
146,37127,"35.783469, -86.324201","Murfreesboro, Tennessee","11,836"
147,37405,"35.124186, -85.405866","Chattanooga, Tennessee","13,229"
148,38301,"35.588164, -88.853395","Jackson, Tennessee","40,000"
149,37764,"35.971711, -83.617997","Kodak, Tennessee","8,188"
150,37617,"36.529615, -82.374255","Blountville, Tennessee","13,334"
151,37772,"35.791140, -84.218553","Lenoir City, Tennessee","8,886"
152,37642,"36.526378, -82.723545","Church Hill, Tennessee","13,606"
153,38004,"35.433055, -89.815466","Atoka, Tennessee","11,724"
154,37853,"35.836719, -83.910713","Rockford, Tennessee","3,481"
155,37865,"35.850344, -83.734626","Seymour, Tennessee","17,026"
156,37073,"36.432426, -86.816630","Greenbrier, Tennessee","11,208"
157,38378,"35.764199, -88.685463","Spring Creek, Tennessee",59
158,37323,"35.096183, -84.816533","Cleveland, Tennessee","26,047"
159,37379,"35.291025, -85.189304","Soddy Daisy, Tennessee","23,312"
160,37871,"36.041110, -83.679527","Strawberry Plains, Tennessee","8,487"
161,37686,"36.430622, -82.333061","Piney Flats, Tennessee","6,499"
162,37769,"36.217207, -84.156243","Lake City, Tennessee","6,182"
163,37721,"36.130591, -83.814869","Corryton, Tennessee","10,111"
164,37064,"35.884862, -86.954138","Franklin, Tennessee","37,516"
165,37737,"35.757928, -84.117987","Friendsville, Tennessee","4,881"
166,37862,"35.783114, -83.608012","Sevierville, Tennessee","17,770"
167,37087,"36.263321, -86.268888","Lebanon, Tennessee","31,616"
168,37388,"35.351838, -86.188905","Tullahoma, Tennessee","23,824"
169,37213,"36.166795, -86.766631","Nashville, Tennessee",137
170,37618,"36.464478, -82.211253","Bluff City, Tennessee","12,405"
171,37330,"35.288092, -86.125985","Estill Springs, Tennessee","6,631"
172,37331,"35.324033, -84.528837","Etowah, Tennessee","7,959"
173,37377,"35.199511, -85.348092","Signal Mountain, Tennessee","14,754"
174,37659,"36.275517, -82.498693","Jonesborough, Tennessee","22,438"
175,37730,"36.550319, -83.973383","Eagan, Tennessee",68
176,37748,"35.945651, -84.516338","Harriman, Tennessee","18,283"
177,38024,"36.039610, -89.383342","Dyersburg, Tennessee","28,213"
178,38401,"35.626371, -87.024484","Columbia, Tennessee","50,655"
179,37890,"36.085282, -83.298857","White Pine, Tennessee","5,762"
180,37303,"35.434130, -84.646612","Athens, Tennessee","23,726"
181,37821,"35.975170, -83.195566","Newport, Tennessee","21,705"
182,37774,"35.728603, -84.356131","Loudon, Tennessee","14,549"
183,37694,"36.381153, -82.273310","Watauga, Tennessee","1,435"
184,37347,"35.065845, -85.621664","Jasper, Tennessee","7,590"
185,38053,"35.365242, -89.948330","Millington, Tennessee","28,039"
186,37806,"36.084693, -83.727986","Mascot, Tennessee","2,818"
187,37732,"36.324760, -84.610481","Elgin, Tennessee",229
188,37082,"36.087432, -87.120400","Kingston Springs, Tennessee","5,811"
189,37302,"35.004854, -85.009676","Apison, Tennessee","2,503"
190,37419,"35.031519, -85.392888","Chattanooga, Tennessee","5,498"
191,37763,"35.821331, -84.497600","Kingston, Tennessee","14,572"
192,37080,"36.326612, -86.919550","Joelton, Tennessee","7,394"
193,38002,"35.292085, -89.702262","Arlington, Tennessee","17,709"
194,37708,"36.329769, -83.365245","Bean Station, Tennessee","6,427"
195,37860,"36.245936, -83.183526","Russellville, Tennessee","3,191"
196,37146,"36.404175, -87.035720","Pleasant View, Tennessee","4,175"
197,37321,"35.506607, -85.005429","Dayton, Tennessee","16,141"
198,37745,"36.278033, -82.820602","Greeneville, Tennessee","16,596"
199,37766,"36.399393, -84.065663","La Follette, Tennessee","18,080"
200,38358,"35.922616, -88.756088","Milan, Tennessee","12,005"
201,37172,"36.548385, -86.849451","Springfield, Tennessee","25,094"
202,38506,"36.186907, -85.422641","Cookeville, Tennessee","22,542"
203,37725,"35.996106, -83.399349","Dandridge, Tennessee","12,695"
204,38011,"35.463950, -89.718089","Brighton, Tennessee","8,278"
205,37062,"35.990900, -87.135993","Fairview, Tennessee","9,162"
206,37318,"35.177111, -85.974623","Cowan, Tennessee","1,851"
207,37724,"36.550819, -83.706353","Cumberland Gap, Tennessee","3,112"
208,37135,"35.911586, -86.678895","Nolensville, Tennessee","4,236"
209,37874,"35.596056, -84.457013","Sweetwater, Tennessee","13,141"
210,37048,"36.493057, -86.596530","Cottontown, Tennessee","5,156"
211,37189,"36.278598, -86.831464","Whites Creek, Tennessee","2,343"
212,37148,"36.566636, -86.495247","Portland, Tennessee","17,217"
213,37690,"36.248246, -82.560777","Telford, Tennessee","3,020"
214,37354,"35.494715, -84.355914","Madisonville, Tennessee","14,034"
215,37754,"36.128998, -84.034589","Heiskell, Tennessee","4,595"
216,37160,"35.455761, -86.484563","Shelbyville, Tennessee","26,997"
217,38237,"36.362820, -88.833793","Martin, Tennessee","15,715"
218,37840,"36.068046, -84.411074","Oliver Springs, Tennessee","10,825"
219,37174,"35.719863, -86.898467","Spring Hill, Tennessee","7,713"
220,37055,"36.077149, -87.442912","Dickson, Tennessee","24,325"
221,37353,"35.124699, -84.982033","Mc Donald, Tennessee","3,931"
222,37650,"36.087629, -82.468565","Erwin, Tennessee","12,502"
223,37398,"35.174413, -86.149098","Winchester, Tennessee","13,892"
224,37179,"35.812192, -86.910297","Thompsons Station, Tennessee","6,464"
225,37762,"36.560646, -84.084837","Jellico, Tennessee","3,476"
226,37355,"35.513102, -86.086055","Manchester, Tennessee","22,301"
227,37752,"36.553211, -83.545062","Harrogate, Tennessee","5,297"
228,38343,"35.831994, -88.928257","Humboldt, Tennessee","16,376"
229,37807,"36.251202, -83.832611","Maynardville, Tennessee","9,517"
230,37876,"35.859133, -83.478278","Sevierville, Tennessee","19,700"
231,37015,"36.298099, -87.069313","Ashland City, Tennessee","16,600"
232,37143,"36.143320, -87.040249","Pegram, Tennessee","4,333"
233,38019,"35.555600, -89.615647","Covington, Tennessee","15,728"
234,37656,"36.401300, -82.630518","Fall Branch, Tennessee","3,667"
235,37641,"36.224742, -82.679165","Chuckey, Tennessee","7,090"
236,37035,"36.387654, -87.126655","Chapmansboro, Tennessee","2,981"
237,38242,"36.306931, -88.337585","Paris, Tennessee","18,894"
238,37743,"36.070523, -82.834302","Greeneville, Tennessee","23,972"
239,38362,"35.728541, -88.788855","Oakfield, Tennessee",813
240,37820,"36.085171, -83.566057","New Market, Tennessee","6,499"
241,37616,"36.222507, -82.751600","Afton, Tennessee","4,286"
242,38555,"35.915879, -85.085268","Crossville, Tennessee","32,237"
243,37755,"36.423752, -84.531567","Helenwood, Tennessee","3,450"
244,37030,"36.278400, -85.947644","Carthage, Tennessee","7,154"
245,37049,"36.562101, -86.682142","Cross Plains, Tennessee","2,788"
246,37779,"36.212369, -83.753221","Luttrell, Tennessee","3,446"
247,37191,"36.494075, -87.529654","Woodlawn, Tennessee","3,977"
248,37336,"35.308865, -84.931502","Georgetown, Tennessee","3,416"
249,37356,"35.225646, -85.823552","Monteagle, Tennessee","2,424"
250,37705,"36.228674, -84.008690","Andersonville, Tennessee","4,301"
251,37891,"36.285246, -83.143651","Whitesburg, Tennessee","3,277"
252,37818,"36.228866, -82.943676","Mosheim, Tennessee","4,577"
253,37329,"35.397961, -84.459853","Englewood, Tennessee","5,215"
254,38261,"36.429231, -89.102770","Union City, Tennessee","16,998"
255,37110,"35.662745, -85.761436","Mc Minnville, Tennessee","31,094"
256,37825,"36.415885, -83.679104","New Tazewell, Tennessee","7,823"
257,37029,"36.048826, -87.261944","Burns, Tennessee","4,237"
258,37023,"36.586188, -87.803845","Big Rock, Tennessee","1,670"
259,38060,"35.209347, -89.505468","Oakland, Tennessee","3,861"
260,37381,"35.684024, -84.831295","Spring City, Tennessee","7,850"
261,37091,"35.489239, -86.767472","Lewisburg, Tennessee","18,851"
262,37681,"36.255659, -82.623602","Limestone, Tennessee","5,880"
263,37854,"35.887063, -84.733427","Rockwood, Tennessee","11,791"
264,37025,"35.949371, -87.304142","Bon Aqua, Tennessee","5,150"
265,37310,"35.224262, -84.717199","Charleston, Tennessee","3,565"
266,38132,"35.071052, -89.994613","Memphis, Tennessee",80
267,37886,"35.745379, -83.801864","Walland, Tennessee","3,746"
268,38028,"35.228643, -89.587447","Eads, Tennessee","5,049"
269,38565,"36.269926, -85.010148","Grimsley, Tennessee",485
270,37334,"35.154442, -86.584340","Fayetteville, Tennessee","20,002"
271,37153,"35.766633, -86.553056","Rockvale, Tennessee","4,904"
272,37307,"35.163937, -84.625932","Benton, Tennessee","4,714"
273,37098,"35.872377, -87.319372","Lyles, Tennessee","4,718"
274,38257,"36.456475, -88.877060","South Fulton, Tennessee","4,857"
275,37683,"36.467916, -81.806895","Mountain City, Tennessee","12,474"
276,37658,"36.254782, -82.149145","Hampton, Tennessee","4,266"
277,37857,"36.422635, -82.949064","Rogersville, Tennessee","20,063"
278,37742,"35.678980, -84.174441","Greenback, Tennessee","4,241"
279,37134,"36.003814, -87.954956","New Johnsonville, Tennessee","3,018"
280,37186,"36.586540, -86.222637","Westmoreland, Tennessee","8,898"
281,37811,"36.351328, -83.221743","Mooresburg, Tennessee","2,782"
282,37711,"36.282918, -83.026495","Bulls Gap, Tennessee","4,417"
283,37166,"35.923618, -85.796107","Smithville, Tennessee","12,294"
284,37083,"36.535354, -86.011048","Lafayette, Tennessee","12,448"
285,37709,"36.176795, -83.659951","Blaine, Tennessee","3,185"
286,37887,"36.094836, -84.565849","Wartburg, Tennessee","6,690"
287,38481,"35.026068, -87.488951","Saint Joseph, Tennessee",978
288,38464,"35.290794, -87.433722","Lawrenceburg, Tennessee","22,024"
289,37692,"36.184458, -82.303732","Unicoi, Tennessee","4,414"
290,38375,"35.164376, -88.587087","Selmer, Tennessee","8,924"
291,37180,"35.624663, -86.584942","Unionville, Tennessee","2,629"
292,37361,"35.097299, -84.692475","Ocoee, Tennessee","1,357"
293,38570,"36.382270, -85.313517","Livingston, Tennessee","9,690"
294,37187,"36.144149, -87.197891","White Bluff, Tennessee","5,687"
295,38355,"35.773087, -88.759597","Medina, Tennessee","2,517"
296,38544,"36.109472, -85.656503","Baxter, Tennessee","5,908"
297,38320,"36.052072, -88.116701","Camden, Tennessee","10,842"
298,37090,"36.111740, -86.299189","Lebanon, Tennessee","11,896"
299,38351,"35.670883, -88.399499","Lexington, Tennessee","16,176"
300,37387,"35.295664, -85.758745","Tracy City, Tennessee","3,965"
301,37843,"36.012411, -83.047891","Parrottsville, Tennessee","3,121"
302,37861,"36.240743, -83.513713","Rutledge, Tennessee","7,123"
303,38579,"35.827774, -85.550783","Quebeck, Tennessee","1,054"
304,37362,"35.040963, -84.738207","Oldfort, Tennessee","2,776"
305,38201,"36.125312, -88.528535","Mc Kenzie, Tennessee","9,773"
306,38317,"36.057937, -88.263813","Bruceton, Tennessee","2,692"
307,38001,"35.816186, -89.149391","Alamo, Tennessee","4,456"
308,38478,"35.210923, -87.010869","Pulaski, Tennessee","17,903"
309,38563,"36.229735, -86.049263","Gordonsville, Tennessee","1,858"
310,38363,"35.685853, -88.100268","Parsons, Tennessee","5,857"
311,38008,"35.247215, -89.001822","Bolivar, Tennessee","10,579"
312,37326,"35.032250, -84.377420","Ducktown, Tennessee",625
313,37034,"35.641822, -86.692242","Chapel Hill, Tennessee","4,907"
314,37031,"36.366154, -86.292718","Castalian Springs, Tennessee","2,716"
315,37370,"35.357756, -84.695738","Riceville, Tennessee","3,911"
316,38559,"35.797770, -85.487902","Doyle, Tennessee","1,199"
317,38474,"35.517968, -87.226224","Mount Pleasant, Tennessee","7,044"
318,37052,"36.368892, -87.405159","Cunningham, Tennessee","2,535"
319,37324,"35.239373, -85.991204","Decherd, Tennessee","4,996"
320,38327,"35.240502, -88.289088","Crump, Tennessee",508
321,37809,"36.156247, -83.030688","Midway, Tennessee","2,098"
322,37826,"35.558727, -84.594197","Niota, Tennessee","3,607"
323,38015,"35.556935, -89.823415","Burlison, Tennessee","2,878"
324,37873,"36.526270, -82.843047","Surgoinsville, Tennessee","4,268"
325,37074,"36.426436, -86.152749","Hartsville, Tennessee","6,297"
326,37397,"35.212948, -85.517337","Whitwell, Tennessee","9,690"
327,37375,"35.150642, -85.890914","Sewanee, Tennessee","3,701"
328,37333,"35.154599, -84.331684","Farner, Tennessee",704
329,38258,"36.032792, -88.619287","Trezevant, Tennessee","1,643"
330,38558,"36.054837, -84.922626","Crossville, Tennessee","9,608"
331,38330,"36.070503, -89.034414","Dyer, Tennessee","4,424"
332,38340,"35.401322, -88.683250","Henderson, Tennessee","11,752"
333,37308,"35.342635, -84.993756","Birchwood, Tennessee","2,406"
334,38063,"35.743099, -89.615785","Ripley, Tennessee","16,574"
335,38021,"35.877711, -89.172962","Crockett Mills, Tennessee",88
336,37313,"35.362568, -85.698606","Coalmont, Tennessee","1,435"
337,38225,"36.324019, -88.688992","Dresden, Tennessee","6,534"
338,37687,"36.179017, -82.092629","Roan Mountain, Tennessee","5,325"
339,37373,"35.399958, -85.110152","Sale Creek, Tennessee","2,658"
340,37012,"36.075985, -86.000420","Alexandria, Tennessee","2,009"
341,38235,"36.005743, -88.568793","Mc Lemoresville, Tennessee",227
342,38382,"35.968463, -88.984393","Trenton, Tennessee","9,866"
343,38469,"35.071484, -87.419694","Loretto, Tennessee","3,921"
344,38456,"35.338613, -87.265190","Ethridge, Tennessee","4,217"
345,37722,"35.814831, -83.202699","Cosby, Tennessee","5,201"
346,37352,"35.277520, -86.353027","Lynchburg, Tennessee","3,031"
347,37014,"35.863935, -86.651934","Arrington, Tennessee","1,588"
348,37846,"35.679307, -84.481891","Philadelphia, Tennessee","4,407"
349,37691,"36.371662, -81.756681","Trade, Tennessee",885
350,37322,"35.499366, -84.809587","Decatur, Tennessee","7,885"
351,37360,"35.437596, -86.254339","Normandy, Tennessee","1,642"
352,38012,"35.610362, -89.274004","Brownsville, Tennessee","15,134"
353,38583,"35.936185, -85.429518","Sparta, Tennessee","21,328"
354,37335,"35.068898, -86.403992","Flintville, Tennessee","2,667"
355,37190,"35.832371, -86.056687","Woodbury, Tennessee","7,963"
356,38059,"36.115718, -89.239733","Newbern, Tennessee","6,494"
357,38451,"35.460534, -86.992239","Culleoka, Tennessee","4,084"
358,37870,"36.470673, -83.840995","Speedwell, Tennessee","4,565"
359,37325,"35.251371, -84.591697","Delano, Tennessee","1,561"
360,38372,"35.165582, -88.149011","Savannah, Tennessee","17,184"
361,38310,"35.256558, -88.404209","Adamsville, Tennessee","5,508"
362,38366,"35.479000, -88.741273","Pinson, Tennessee","2,153"
363,38344,"35.978164, -88.424138","Huntingdon, Tennessee","9,176"
364,37340,"35.021988, -85.519895","Guild, Tennessee",764
365,37879,"36.499169, -83.451477","Tazewell, Tennessee","9,771"
366,37036,"36.238196, -87.278159","Charlotte, Tennessee","5,353"
367,37317,"35.016471, -84.425492","Copperhill, Tennessee","2,471"
368,37037,"35.703085, -86.351273","Christiana, Tennessee","4,191"
369,38260,"36.360777, -89.200363","Troy, Tennessee","3,776"
370,38326,"35.048371, -88.286046","Counce, Tennessee","2,451"
371,38547,"36.149648, -86.007626","Brush Creek, Tennessee","1,517"
372,37715,"36.576216, -83.962066","Clairfield, Tennessee","1,108"
373,37022,"36.512878, -86.316197","Bethpage, Tennessee","4,529"
374,38545,"36.231467, -85.661180","Bloomington Springs, Tennessee","1,315"
375,38075,"35.381986, -89.135495","Whiteville, Tennessee","6,734"
376,37309,"35.301912, -84.741487","Calhoun, Tennessee","2,152"
377,37061,"36.276541, -87.663027","Erin, Tennessee","4,744"
378,38229,"36.221508, -88.603480","Gleason, Tennessee","3,062"
379,38347,"35.464395, -88.497750","Jacks Creek, Tennessee",373
380,37841,"36.507620, -84.529158","Oneida, Tennessee","8,683"
381,37880,"35.686732, -84.661507","Ten Mile, Tennessee","3,218"
382,37085,"35.954543, -86.282994","Lascassas, Tennessee","2,782"
383,37810,"36.177664, -83.101960","Mohawk, Tennessee","1,806"
384,38256,"36.301175, -88.109894","Springville, Tennessee","3,135"
385,38369,"36.131924, -88.942668","Rutherford, Tennessee","1,967"
386,38006,"35.693693, -89.089516","Bells, Tennessee","5,020"
387,37140,"35.860974, -87.660782","Only, Tennessee","1,246"
388,37060,"35.745256, -86.637365","Eagleville, Tennessee","1,777"
389,38359,"35.363576, -88.359880","Milledgeville, Tennessee",257
390,37714,"36.284145, -84.264573","Caryville, Tennessee","4,262"
391,38220,"35.995939, -88.664609","Atwood, Tennessee","2,091"
392,38316,"36.069862, -88.816891","Bradford, Tennessee","2,922"
393,38255,"36.238355, -88.859211","Sharon, Tennessee","2,339"
394,38342,"36.071740, -88.288871","Hollow Rock, Tennessee","1,635"
395,37380,"35.070937, -85.754605","South Pittsburg, Tennessee","6,210"
396,38023,"35.474533, -89.964133","Drummonds, Tennessee","2,585"
397,38468,"35.123560, -87.286661","Leoma, Tennessee","4,525"
398,37059,"35.982789, -85.919165","Dowelltown, Tennessee","1,673"
399,37046,"35.770700, -86.729990","College Grove, Tennessee","3,074"
400,38462,"35.527425, -87.543752","Hohenwald, Tennessee","9,788"
401,37680,"36.584618, -81.757046","Laurel Bloomery, Tennessee",539
402,38552,"36.201821, -85.818053","Chestnut Mound, Tennessee",569
403,38549,"36.562131, -85.149087","Byrdstown, Tennessee","3,581"
404,38337,"35.791474, -89.018613","Gadsden, Tennessee","1,541"
405,38562,"36.352921, -85.633074","Gainesboro, Tennessee","6,275"
406,38483,"35.440767, -87.333653","Summertown, Tennessee","4,595"
407,37888,"36.312301, -83.597917","Washburn, Tennessee","2,563"
408,37178,"36.321820, -87.780974","Tennessee Ridge, Tennessee","1,927"
409,37327,"35.443552, -85.415350","Dunlap, Tennessee","8,928"
410,37713,"36.081454, -83.134295","Bybee, Tennessee","1,464"
411,38449,"35.040439, -86.818172","Ardmore, Tennessee","2,697"
412,38581,"35.741040, -85.620827","Rock Island, Tennessee","4,174"
413,37332,"35.600587, -84.949552","Evensville, Tennessee","2,339"
414,37339,"35.367471, -85.626123","Gruetli Laager, Tennessee","2,014"
415,38041,"35.659640, -89.704489","Henning, Tennessee","4,964"
416,38230,"36.155265, -88.768315","Greenfield, Tennessee","4,009"
417,37142,"36.412077, -87.502278","Palmyra, Tennessee","1,595"
418,38551,"36.555172, -85.503086","Celina, Tennessee","4,094"
419,37032,"36.519743, -87.021740","Cedar Hill, Tennessee","3,271"
420,37141,"36.614143, -86.698360","Orlinda, Tennessee",906
421,37051,"36.303018, -87.405856","Cumberland Furnace, Tennessee","3,038"
422,37171,"36.365289, -87.301805","Southside, Tennessee",951
423,37328,"35.036942, -86.357374","Elora, Tennessee","1,333"
424,38079,"36.413327, -89.469896","Tiptonville, Tennessee","5,757"
425,37848,"36.241221, -83.677489","Powder Springs, Tennessee",301
426,37316,"34.998420, -84.718033","Conasauga, Tennessee",151
427,38574,"36.143643, -85.229289","Monterey, Tennessee","7,432"
428,38232,"36.343792, -89.322002","Hornbeak, Tennessee","2,254"
429,38460,"35.093138, -87.151103","Goodspring, Tennessee","1,312"
430,38357,"35.044826, -88.415338","Michie, Tennessee","2,623"
431,38553,"36.209522, -85.008002","Clarkrange, Tennessee","2,147"
432,38037,"35.794739, -89.393020","Gates, Tennessee","2,052"
433,37150,"36.541483, -85.810410","Red Boiling Springs, Tennessee","4,792"
434,38374,"35.509391, -88.223621","Scotts Hill, Tennessee","1,636"
435,38313,"35.604517, -88.621051","Beech Bluff, Tennessee","2,836"
436,38049,"35.390333, -89.538210","Mason, Tennessee","4,774"
437,37342,"35.391968, -85.948000","Hillsboro, Tennessee","3,080"
438,37184,"36.076402, -86.143136","Watertown, Tennessee","5,505"
439,37018,"35.630679, -86.211258","Beechgrove, Tennessee","1,647"
440,37345,"35.036473, -86.242930","Huntland, Tennessee","2,287"
441,37028,"36.634248, -87.854188","Bumpus Mills, Tennessee",497
442,38587,"35.864761, -85.613998","Walling, Tennessee","1,216"
443,37026,"35.695594, -86.104843","Bradyville, Tennessee","2,117"
444,37058,"36.444339, -87.876719","Dover, Tennessee","6,635"
445,37869,"36.514752, -83.244970","Sneedville, Tennessee","4,877"
446,37829,"36.001020, -84.617381","Oakdale, Tennessee","1,560"
447,38488,"35.041960, -86.670916","Taft, Tennessee","2,340"
448,37010,"36.575109, -87.101199","Adams, Tennessee","3,114"
449,37019,"35.391058, -86.700557","Belfast, Tennessee",972
450,37016,"35.956367, -86.091671","Auburntown, Tennessee",599
451,37118,"35.923474, -86.192518","Milton, Tennessee","1,259"
452,37357,"35.593332, -85.921699","Morrison, Tennessee","5,163"
453,38556,"36.406761, -84.918949","Jamestown, Tennessee","11,980"
454,38068,"35.271633, -89.348223","Somerville, Tennessee","9,895"
455,38370,"35.382713, -88.239356","Saltillo, Tennessee",673
456,38473,"35.026020, -87.161665","Minor Hill, Tennessee","1,083"
457,38379,"35.164501, -88.429150","Stantonville, Tennessee","1,016"
458,38560,"36.226979, -85.867548","Elmwood, Tennessee","1,278"
459,38334,"35.349837, -88.586353","Finger, Tennessee","1,753"
460,38040,"35.879972, -89.484717","Halls, Tennessee","5,347"
461,38066,"35.076505, -89.534306","Rossville, Tennessee","2,209"
462,37047,"35.318555, -86.839155","Cornersville, Tennessee","2,272"
463,38390,"35.837589, -88.370824","Yuma, Tennessee",969
464,37020,"35.634389, -86.407093","Bell Buckle, Tennessee","3,559"
465,37185,"36.064237, -87.857679","Waverly, Tennessee","8,441"
466,38482,"35.779069, -87.152649","Santa Fe, Tennessee","1,476"
467,38339,"35.054630, -88.511153","Guys, Tennessee",684
468,37657,"36.009624, -82.569201","Flag Pond, Tennessee",867
469,37183,"35.494486, -86.303180","Wartrace, Tennessee","2,767"
470,37729,"36.506667, -84.028787","Duff, Tennessee","1,534"
471,38368,"35.510913, -88.348130","Reagan, Tennessee","1,859"
472,38315,"35.269898, -88.631695","Bethel Springs, Tennessee","3,741"
473,37338,"35.427296, -85.216944","Graysville, Tennessee","2,519"
474,38367,"35.052128, -88.626992","Ramer, Tennessee","2,623"
475,38567,"36.135578, -85.916750","Hickman, Tennessee",777
476,38457,"35.029008, -87.287926","Five Points, Tennessee",895
477,37033,"35.765332, -87.509315","Centerville, Tennessee","7,380"
478,37640,"36.336067, -81.978182","Butler, Tennessee","3,669"
479,38345,"35.598180, -88.505481","Huron, Tennessee","1,885"
480,37365,"35.377809, -85.547658","Palmer, Tennessee","1,530"
481,37367,"35.639774, -85.211962","Pikeville, Tennessee","9,880"
482,38231,"36.218331, -88.412613","Henry, Tennessee","2,037"
483,38034,"35.911414, -89.236962","Friendship, Tennessee","3,375"
484,37149,"35.802771, -86.195165","Readyville, Tennessee","1,888"
485,37050,"36.371745, -87.624045","Cumberland City, Tennessee","1,786"
486,38222,"36.438223, -88.183701","Buchanan, Tennessee","2,230"
487,38233,"36.200817, -89.041594","Kenton, Tennessee","3,005"
488,38580,"36.277339, -85.290851","Rickman, Tennessee","1,045"
489,37348,"35.121806, -86.431102","Kelso, Tennessee","1,028"
490,38352,"35.529455, -88.533846","Luray, Tennessee",564
491,37866,"36.357963, -83.841285","Sharps Chapel, Tennessee","1,521"
492,38057,"35.061089, -89.364782","Moscow, Tennessee","3,586"
493,38425,"35.415637, -87.958243","Clifton, Tennessee","3,684"
494,38251,"36.458930, -88.355755","Puryear, Tennessee","2,797"
495,38477,"35.064923, -86.993079","Prospect, Tennessee","2,987"
496,38376,"35.130665, -88.347373","Shiloh, Tennessee",410
497,37057,"36.418109, -86.029944","Dixon Springs, Tennessee",839
498,37765,"36.577861, -83.068082","Kyles Ford, Tennessee",552
499,37396,"35.012139, -85.482955","Whiteside, Tennessee",355
500,38259,"36.199152, -89.183658","Trimble, Tennessee",948
501,37819,"36.533309, -84.230301","Newcomb, Tennessee",746
502,38371,"35.424293, -88.295085","Sardis, Tennessee","1,441"
503,38582,"36.094825, -85.750823","Silver Point, Tennessee","1,403"
504,37391,"35.076070, -84.435668","Turtletown, Tennessee","1,352"
505,38328,"35.668624, -88.216010","Darden, Tennessee",860
506,38356,"35.438418, -88.893810","Medon, Tennessee","2,219"
507,37305,"35.470614, -85.683974","Beersheba Springs, Tennessee",776
508,38573,"36.483994, -85.202603","Monroe, Tennessee","2,027"
509,38575,"36.553145, -85.629295","Moss, Tennessee","1,163"
510,37885,"35.512780, -84.115364","Vonore, Tennessee","3,750"
511,38329,"35.536869, -88.107281","Decaturville, Tennessee","3,141"
512,37881,"36.406476, -83.342508","Thorn Hill, Tennessee","1,986"
513,37892,"36.553175, -84.363165","Winfield, Tennessee","1,811"
514,37145,"36.377361, -85.906530","Pleasant Shade, Tennessee","1,813"
515,38240,"36.245091, -89.318119","Obion, Tennessee","2,375"
516,37385,"35.336793, -84.228286","Tellico Plains, Tennessee","7,874"
517,37101,"36.054263, -87.639917","Mc Ewen, Tennessee","5,891"
518,38052,"35.090254, -88.917801","Middleton, Tennessee","3,628"
519,38569,"36.107137, -85.856058","Lancaster, Tennessee",374
520,38568,"36.434814, -85.470191","Hilham, Tennessee","1,832"
521,38039,"35.067070, -89.182722","Grand Junction, Tennessee","2,166"
522,38221,"36.235601, -88.037648","Big Sandy, Tennessee","3,258"
523,38541,"36.521902, -85.342550","Allons, Tennessee","1,416"
524,38381,"35.357200, -88.971358","Toone, Tennessee","1,567"
525,38450,"35.187288, -87.771406","Collinwood, Tennessee","3,017"
526,38472,"35.376649, -87.044685","Lynnville, Tennessee","2,710"
527,37753,"35.822979, -83.100424","Hartford, Tennessee",814
528,38321,"35.845504, -88.532266","Cedar Grove, Tennessee","2,216"
529,37301,"35.417716, -85.793529","Altamont, Tennessee","1,589"
530,37095,"35.905050, -86.002492","Liberty, Tennessee","1,968"
531,37181,"36.244403, -87.505833","Vanleer, Tennessee","1,582"
532,37151,"36.329392, -86.038012","Riddleton, Tennessee",595
533,37137,"35.884160, -87.505366","Nunnelly, Tennessee","2,029"
534,38476,"35.844660, -87.215746","Primm Springs, Tennessee","1,058"
535,38076,"35.136965, -89.446056","Williston, Tennessee",547
536,37079,"36.506966, -87.652500","Indian Mound, Tennessee","2,436"
537,37872,"36.269542, -84.674828","Sunbright, Tennessee","1,984"
538,37756,"36.300248, -84.412704","Huntsville, Tennessee","2,744"
539,38485,"35.338145, -87.770726","Waynesboro, Tennessee","6,452"
540,38548,"36.171635, -85.772273","Buffalo Valley, Tennessee",634
541,37847,"36.419979, -84.269855","Pioneer, Tennessee","3,001"
542,38504,"36.386889, -84.739801","Allardt, Tennessee",822
543,38554,"36.252407, -85.164830","Crawford, Tennessee",872
544,38388,"35.773219, -88.328352","Wildersville, Tennessee","1,766"
545,37738,"35.671239, -83.474798","Gatlinburg, Tennessee","4,981"
546,37144,"35.300002, -86.638140","Petersburg, Tennessee","3,507"
547,38463,"35.073883, -87.615241","Iron City, Tennessee","2,639"
548,38585,"35.690323, -85.416390","Spencer, Tennessee","4,386"
549,38333,"36.132111, -87.985288","Eva, Tennessee",574
550,38392,"35.467648, -89.042302","Mercer, Tennessee",737
551,37366,"35.328323, -85.851378","Pelham, Tennessee",913
552,37852,"36.330224, -84.584598","Robbins, Tennessee","2,655"
553,38046,"35.050280, -89.224950","La Grange, Tennessee",110
554,38348,"35.871585, -88.646506","Lavinia, Tennessee","1,169"
555,38332,"35.414289, -88.417498","Enville, Tennessee","1,044"
556,38391,"35.546571, -88.992177","Denmark, Tennessee","1,262"
557,38044,"35.199329, -88.809547","Hornsby, Tennessee",944
558,37359,"35.199368, -86.415696","Mulberry, Tennessee",585
559,37374,"35.168410, -85.646585","Sequatchie, Tennessee","1,783"
560,37306,"35.098113, -86.154782","Belvidere, Tennessee","2,333"
561,38361,"35.322268, -88.301895","Morris Chapel, Tennessee",977
562,38042,"35.145160, -89.137403","Hickory Valley, Tennessee",868
563,37770,"36.152396, -84.666787","Lancing, Tennessee","2,589"
564,37688,"36.545442, -81.882882","Shady Valley, Tennessee","1,123"
565,37097,"35.779865, -87.823480","Lobelville, Tennessee","2,064"
566,38067,"35.081609, -89.041788","Saulsbury, Tennessee","1,312"
567,38461,"35.596889, -87.338462","Hampshire, Tennessee","1,247"
568,38069,"35.465338, -89.354740","Stanton, Tennessee","2,523"
569,38453,"35.123141, -86.807548","Dellrose, Tennessee",237
570,38080,"36.207086, -89.519208","Ridgely, Tennessee","2,628"
571,37723,"35.918914, -84.866409","Crab Orchard, Tennessee",887
572,38253,"36.293824, -89.040359","Rives, Tennessee","1,014"
573,38487,"35.718427, -87.233402","Williamsport, Tennessee",928
574,38454,"35.687723, -87.389548","Duck River, Tennessee","1,126"
575,38459,"35.193152, -86.802810","Frankewing, Tennessee",344
576,37337,"35.799105, -84.904005","Grandview, Tennessee","1,405"
577,37096,"35.612807, -87.870302","Linden, Tennessee","5,474"
578,37878,"35.638235, -83.863606","Tallassee, Tennessee",529
579,37727,"35.892116, -83.004810","Del Rio, Tennessee","2,138"
580,38236,"36.174890, -88.257900","Mansfield, Tennessee",697
581,37710,"36.158442, -84.316768","Briceville, Tennessee","1,441"
582,37726,"36.204182, -84.830473","Deer Lodge, Tennessee","1,709"
583,38452,"35.080509, -87.789813","Cypress Inn, Tennessee","1,008"
584,38226,"36.476217, -88.670226","Dukedom, Tennessee",414
585,37731,"36.537183, -82.998515","Eidson, Tennessee",891
586,38224,"36.387017, -88.492197","Cottage Grove, Tennessee",975
587,38564,"36.275933, -85.735915","Granville, Tennessee",474
588,38341,"35.882040, -88.104186","Holladay, Tennessee","2,213"
589,38241,"36.427772, -88.591844","Palmersville, Tennessee",888
590,38061,"35.067042, -88.766924","Pocahontas, Tennessee","1,035"
591,37882,"35.658932, -83.763518","Townsend, Tennessee","2,415"
592,37175,"36.324726, -87.888932","Stewart, Tennessee","1,040"
593,38311,"35.449567, -88.124506","Bath Springs, Tennessee",950
594,38543,"36.380225, -85.150534","Alpine, Tennessee",497
595,37369,"35.196386, -84.495105","Reliance, Tennessee","1,034"
596,38380,"35.789889, -88.032881","Sugar Tree, Tennessee",502
597,38486,"35.172506, -87.538424","Westpoint, Tennessee",889
598,38577,"36.564918, -84.922503","Pall Mall, Tennessee","1,236"
599,38318,"35.950509, -88.258084","Buena Vista, Tennessee",513
600,38542,"36.315028, -85.205336","Allred, Tennessee",42
601,38588,"36.446386, -85.730671","Whitleyville, Tennessee","1,009"
602,38475,"35.265671, -88.014064","Olivehill, Tennessee",622
603,38387,"35.872920, -88.277462","Westport, Tennessee",389
604,37078,"35.910747, -87.788565","Hurricane Mills, Tennessee",714
605,38471,"35.083901, -87.932397","Lutts, Tennessee",619
606,37376,"35.050411, -85.956005","Sherwood, Tennessee",502
607,38589,"36.288383, -85.074008","Wilder, Tennessee",141
608,38030,"35.974140, -89.582619","Finley, Tennessee",220
609,38131,"35.065335, -89.998640","Memphis, Tennessee",1
610,38047,"36.031840, -89.631994","Lenox, Tennessee",93
